<?xml version="1.0" encoding="UTF-8"?>
<project-private xmlns="http://www.netbeans.org/ns/project-private/1">
    <editor-bookmarks xmlns="http://www.netbeans.org/ns/editor-bookmarks/2" lastBookmarkId="0"/>
    <open-files xmlns="http://www.netbeans.org/ns/projectui-open-files/2">
        <group>
            <file>file:/C:/Users/apang/Downloads/TesFulZikar/Tugas7_123220035/src/tugas7_123220035/MovieDAO.java</file>
            <file>file:/C:/Users/apang/Downloads/TesFulZikar/Tugas7_123220035/src/tugas7_123220035/MovieView.java</file>
            <file>file:/C:/Users/apang/Downloads/TesFulZikar/Tugas7_123220035/src/tugas7_123220035/MovieDAOImpl.java</file>
            <file>file:/C:/Users/apang/Downloads/TesFulZikar/Tugas7_123220035/src/tugas7_123220035/Movie.java</file>
            <file>file:/C:/Users/apang/Downloads/TesFulZikar/Tugas7_123220035/src/tugas7_123220035/MovieController.java</file>
            <file>file:/C:/Users/apang/Downloads/TesFulZikar/Tugas7_123220035/src/tugas7_123220035/Tugas7_123220035.java</file>
        </group>
    </open-files>
</project-private>
